model,tier,fold,test_start,test_end,n_series,wape,mape,rmse,pinball_loss,interval_coverage,business_cost,wape_bottom,wape_middle,wape_top,runtime_s
ChronosBolt-base,foundation,1,2017-07-19,2017-08-15,1782,0.14730743175113795,0.3455229010962215,251.92834005566118,23.207393581457673,0.8083533008345039,6861629.049958151,0.5539562036376424,0.25222345569920634,0.14070936392779435,29.493204333994072
NHITS,deep,1,2017-07-19,2017-08-15,1782,0.15381525932995796,0.35892024502486763,262.5411302159179,27.443264581798715,0.5744030405684541,6926125.06254634,0.5837838897949769,0.2577104445493947,0.14719394627210733,63.840690749988426
LightGBM_log1p,ml_log1p,1,2017-07-19,2017-08-15,1782,0.15545106383590507,0.34734461709743353,267.19282250194857,26.888734658420155,0.5933652813352062,7381017.623173136,0.5471603612022224,0.2576590852081837,0.1490375446103056,26.150645499990787
AutoETS,statistical,1,2017-07-19,2017-08-15,1782,0.15890331301253846,0.3855546518594937,268.2251565391861,27.408452654689754,0.6146203420639511,7435961.084742961,0.5993066460415689,0.2671943545424599,0.15202671832489326,447.6067622499977
LightGBM,ml,1,2017-07-19,2017-08-15,1782,0.16226675871163299,0.4275129309236063,278.97703525660677,27.800618252676866,0.611274064281583,7032172.067077968,0.7422114622802733,0.28669046953831234,0.15412870641069581,22.463029332997394
AutoARIMA,statistical,1,2017-07-19,2017-08-15,1782,0.16674036900911243,0.41919139937235944,280.7248515600834,28.200432226076877,0.6153019912418408,7165696.977336339,0.597960079802522,0.2770363372777473,0.15979204046172388,447.6067622499977
SeasonalNaive,baseline,1,2017-07-19,2017-08-15,1782,0.172381688130564,0.45741703908141057,307.09124131889354,29.958260792280278,0.8393373543749484,8467917.0388296,0.6899353747692177,0.30635156291378685,0.1639619214815339,0.9831831670016982
Naive,baseline,1,2017-07-19,2017-08-15,1782,0.25981890404445684,0.4795788137024928,437.42306544891596,42.828664947903754,0.8046352144096505,15171806.2145816,0.6967032360638877,0.3759501488665956,0.2525579481557304,0.9831831670016982
NHITS,deep,2,2017-06-21,2017-07-18,1782,0.11503594830135515,0.34969433349345974,214.35064491057702,20.050523113570698,0.6402736441798942,5534240.861564696,0.5080588794037204,0.2247004798158526,0.10867867385904707,59.42077404099109
ChronosBolt-base,foundation,2,2017-06-21,2017-07-18,1782,0.12847813204267902,0.3375841592464033,235.77392266805793,20.39049103115007,0.8289310515873016,6151698.539956927,0.4632117022265019,0.2225619745984398,0.12303087935295602,28.476711124996655
LightGBM_log1p,ml_log1p,2,2017-06-21,2017-07-18,1782,0.13618406706906858,0.3376324940011638,260.1601508256877,22.915528791140297,0.6238425925925926,6661885.097862951,0.5069934675566503,0.22545969162789822,0.1308662722646978,25.420166458003223
AutoETS,statistical,2,2017-06-21,2017-07-18,1782,0.1364016343340375,0.38558359071552706,246.0299079123383,23.30540273082834,0.6311177248677249,6385270.5676362105,0.5267631839401374,0.2399269121842415,0.13034608606862277,446.0517669999972
LightGBM,ml,2,2017-06-21,2017-07-18,1782,0.14591981660223308,0.4561755241632148,265.78986812294227,24.356170761384977,0.6182415674603174,6473988.067144858,0.7658466184159485,0.2803344366035633,0.13774092268101268,21.656030833997647
AutoARIMA,statistical,2,2017-06-21,2017-07-18,1782,0.16399427202292147,0.43539407493119325,285.3482279754125,26.78126609898902,0.6345899470899471,7317656.739387707,0.5511789757980087,0.2703584225111017,0.1578115606313716,446.0517669999972
SeasonalNaive,baseline,2,2017-06-21,2017-07-18,1782,0.17315998240582983,0.48387078629235686,323.58905191041845,29.876482278488087,0.8263268849206349,8364024.6689028,0.6352176551155083,0.3069800263622205,0.16545162953675108,0.9587541250075446
Naive,baseline,2,2017-06-21,2017-07-18,1782,0.2715057390350423,0.5234648996258898,493.67836501116244,45.32308496113172,0.7937954695767195,14683860.6019868,0.6327419883310327,0.38075711133680046,0.2652573456985134,0.9587541250075446
NHITS,deep,3,2017-05-24,2017-06-20,1782,0.13084821817715628,0.37761157722428684,255.14711710859214,24.343475100524007,0.6296089616402116,6711679.031196168,0.4665018679851579,0.20639715249848986,0.12542279915787286,118.2158847499959
ChronosBolt-base,foundation,3,2017-05-24,2017-06-20,1782,0.1414205002597498,0.3610093570019172,281.24483329889244,23.18334979333134,0.8127893518518519,8300759.241451106,0.46330609164139214,0.23139224426334443,0.13521768405672455,95.04223308300425
LightGBM_log1p,ml_log1p,3,2017-05-24,2017-06-20,1782,0.1447222981854123,0.3578692548365093,291.1876355747874,26.07982379380294,0.6161954365079365,7963914.532248767,0.4483576940638229,0.20521948810919766,0.14026212150099576,81.66634341698955
AutoETS,statistical,3,2017-05-24,2017-06-20,1782,0.14822700984105833,0.4149036894315626,291.868095144975,26.988388319362702,0.6158854166666666,8131143.79487543,0.48239810809603445,0.2128042631431006,0.14343264963942465,513.0399642919947
LightGBM,ml,3,2017-05-24,2017-06-20,1782,0.15023888975730204,0.48678619243847526,286.656639958213,26.65871467846428,0.5900710978835979,7872854.677023762,0.715588612564293,0.23735560942088052,0.1433910124643284,63.541831374997855
SeasonalNaive,baseline,3,2017-05-24,2017-06-20,1782,0.1674644696120516,0.48403763333115574,337.88685341168934,30.200518153497022,0.8268642526455027,8918554.6810987,0.5712620632912115,0.24488437453423875,0.16170612508202514,0.9372033330000704
AutoARIMA,statistical,3,2017-05-24,2017-06-20,1782,0.18361029568539824,0.46937846084043283,342.2773616109123,31.626036792495718,0.6192129629629629,9170272.078587469,0.5034157187204252,0.24683478846516216,0.17894081154547453,513.0399642919947
Naive,baseline,3,2017-05-24,2017-06-20,1782,0.28453524563693317,0.504252743177758,568.8617030411494,49.604998128543144,0.7828827711640212,18365882.2714323,0.5917873136273448,0.35770672655418245,0.27933976196056287,0.9372033330000704
ChronosBolt-base,foundation,4,2017-04-26,2017-05-23,1782,0.15148803003018857,0.367367432341396,316.47044646519254,25.84669305684887,0.8043361441798942,8870605.921123095,0.36571152922662703,0.2586095705566775,0.1427701286985604,27.403769917000318
NHITS,deep,4,2017-04-26,2017-05-23,1782,0.1529364821922564,0.3990777256602833,320.5128803020908,27.595550284888184,0.5906084656084656,7641821.496802384,0.4132178555921807,0.28429091256551114,0.14226957384065878,59.69318387498788
AutoETS,statistical,4,2017-04-26,2017-05-23,1782,0.15529387709927525,0.5098114183121059,331.2010764466861,28.570804891669802,0.6237599206349206,8903754.883192519,0.49130065000058537,0.2889341137657233,0.14375574680020717,469.83013987499
LightGBM,ml,4,2017-04-26,2017-05-23,1782,0.1573288136428646,0.5856356215160374,298.14772669406597,27.98694990386922,0.5803158068783069,8017092.767343936,0.5475397889988852,0.3199242652151429,0.1434698522372931,21.614603125010035
LightGBM_log1p,ml_log1p,4,2017-04-26,2017-05-23,1782,0.15900457042149027,0.3955600592531214,320.11116677234054,28.64958462795748,0.5979869378306878,8264193.435145127,0.4209313382462292,0.2854579562104443,0.14862629759548754,25.3586893749889
SeasonalNaive,baseline,4,2017-04-26,2017-05-23,1782,0.1760815738003035,0.5418135844067962,365.7339004497252,32.451628282109596,0.8062996031746031,9946112.409916699,0.49439449785568285,0.32003091060642946,0.164073371634116,1.358457249996718
AutoARIMA,statistical,4,2017-04-26,2017-05-23,1782,0.1954323619599239,0.5638390345403099,371.40100003719726,33.895542256712915,0.6147073412698413,9731347.368577804,0.4889823338158159,0.3268024736346758,0.18444411188305282,469.83013987499
Naive,baseline,4,2017-04-26,2017-05-23,1782,0.2819474538646719,0.6042876177989603,545.8940327334273,48.439241337888944,0.7548776455026455,18187946.9355995,0.4856662923278381,0.341606748182268,0.2762793289947264,1.358457249996718
NHITS,deep,5,2017-03-29,2017-04-25,1782,0.15034530086776351,0.4016989710688014,335.73650906420033,27.110752789771237,0.6120072439353099,7096796.202645449,0.5664660987089712,0.2548639551375441,0.1387069427375539,61.55495483300183
ChronosBolt-base,foundation,5,2017-03-29,2017-04-25,1782,0.15893557738214198,0.3953007309560855,352.36045883631346,26.320797798363284,0.7999705188679245,8114786.176689628,0.6027851788210806,0.25692614144783166,0.1475336249885468,29.68335362500511
LightGBM_log1p,ml_log1p,5,2017-03-29,2017-04-25,1782,0.16467348763314069,0.3769051377475627,371.4083897152552,29.148781148917944,0.6242840296495957,8274158.771257289,0.5525978052148283,0.25541585797261,0.15379559663636017,24.25746591600182
AutoETS,statistical,5,2017-03-29,2017-04-25,1782,0.16788700677163498,0.42652474560070863,371.0712997663597,30.115187285964723,0.6211463948787062,8575005.475032186,0.5680335908347538,0.2723052480197507,0.1564289037412063,411.9532791249949
LightGBM,ml,5,2017-03-29,2017-04-25,1782,0.1746234048113705,0.49024048339069337,376.71057461492944,30.90923248997607,0.5834105458221024,8091335.421589078,0.7344769276200523,0.3157469326926835,0.1611729794660918,20.668788833994768
SeasonalNaive,baseline,5,2017-03-29,2017-04-25,1782,0.1834365170098989,0.5059808551834512,395.5195856261578,32.45692404616707,0.8173854447439353,9286266.3211029,0.6847258145670143,0.32579333028644314,0.1701918757855019,0.9091770829982124
AutoARIMA,statistical,5,2017-03-29,2017-04-25,1782,0.18725104918320457,0.5074751828290728,388.0978722796717,31.68178601053375,0.6180298180592992,8988121.619878279,0.6467702895728641,0.32320883813865436,0.1744350245579344,411.9532791249949
Naive,baseline,5,2017-03-29,2017-04-25,1782,0.31012577365789096,0.5502751596415238,634.1282288306976,52.67885087834006,0.7693733153638814,19078978.212296896,0.7005109125162757,0.3932917982005612,0.3005712581282626,0.9091770829982124
